<?xml version="1.0" encoding="UTF-8" standalone="yes"?>
<addon id="plugin.video.BassFoxWeb" name="[COLOR red]BassFoxWeb[/COLOR]" version="1.0" provider-name="@Matubass">
  <requires>
    <import addon="xbmc.python" version="2.1.0"/>
    <import addon="script.module.simplejson"/>
    <import addon="script.module.urlresolver"/>
    <import addon="script.module.liveresolver"/>
    <import addon="script.common.plugin.cache"/>
    <import addon="script.module.metahandler"/>
    <import addon="plugin.video.youtube" version="5.3.6" optional="true" />
  </requires>
  <extension point="xbmc.python.pluginsource" library="default.py">
        <provides>video</provides>
  </extension>
  <extension point="xbmc.addon.metadata">
    <summary lang="en">Brings You Movies Direct From http://bassfox.org</summary>
    <description lang="en">http://bassfox.org</description>
    <platform>all</platform>
  </extension>
</addon>