<?xml version="1.0" encoding="UTF-8" standalone="yes"?>
<addon id="plugin.video.bassfoxweb" name="[COLOR red]B[/COLOR][COLOR white]ass[/COLOR][COLOR red]F[/COLOR][COLOR white]ox[/COLOR][COLOR red]W[/COLOR][COLOR white]eb[/COLOR]" version="1.0" provider-name="@Matubass">
  <requires>
    <import addon="xbmc.python" version="2.1.0"/>
    <import addon="script.module.simplejson"/>
    <import addon="script.module.urlresolver"/>
    <import addon="script.module.liveresolver"/>
    <import addon="script.common.plugin.cache"/>
    <import addon="script.module.metahandler"/>
    <import addon="plugin.video.youtube" version="5.3.6" optional="true" />
  </requires>
  <extension point="xbmc.python.pluginsource" library="default.py">
        <provides>video</provides>
  </extension>
  <extension point="xbmc.addon.metadata">
    <summary lang="en">[COLOR yellow]ADDON GRATUITO[/COLOR]</summary>
    <description lang="en">ADDON HERMANO DE BASSFOX ,ESTE SE BASA UNICAMENTE EN PELICULAS ALOJADA EN LAS WEB BASSFOX.ORG [COLOR red]PUEDES DONAR VIA PAYPAL A[/COLOR] [COLOR blue]https://www.paypal.me/bassfox[/COLOR] 
	ESTE PROYECTO ES GRATUITO  [COLOR white]Matubass[/COLOR]</description>
    <platform>all</platform>
  </extension>
</addon>